Category,Value
Daily Pool 0,2503.707082
Daily Pool 1,2327.245142
Daily Combined,4830.952224
Total Pool 0,369047.3613
Total Pool 1,569906.5967
Total Combined,938953.9581